1,134.21
2,144.54
3,139
4,116.99
5,105.21
6,97.75
7,112.5
8,115.91
9,112.3
10,111.5
11,113.57
12,112.67
13,117.2
14,115.24
15,115
16,117.98
17,111.5
18,114.22
19,118.76
20,123.01
21,123.5
22,121.99
23,122
24,122.88
25,123.89
26,126.7
27,133.2
28,131.98
29,133.48
30,129.74
31,129
32,132.3
33,128.8
34,129
35,129.3
36,122.29
37,122.22
38,121.42
39,121.65
40,118
41,111.5
42,108.3
43,100
44,106.35
45,108.9
46,108.15
47,104
48,99.98
49,99.99
50,99.51
51,101.7
52,107.4
53,108.25
54,110.15
55,109.5
56,108.3
57,107.6
58,102.74
59,103.95
60,104
61,101.44
62,94.65
63,94.99
64,96.61
65,88.05
66,90.13
67,77.53
68,80.53
69,68.43
70,70.28
71,74.56
72,76.52
73,76.69
74,86.76
75,88.98
76,93.59
77,98.13
78,94.69
79,98.4
80,97.45
81,98.5
82,90.58
83,92.17
84,89.39
85,90.76
86,91.61
87,95.56
88,94.51
89,96.9
90,96.02
91,94.12
92,99.76
93,101.2
94,107.99
95,106.09
96,104
97,104.5
98,104
99,105.14
100,106.22
101,106.75
102,106.75
103,103
104,102.8
105,103
106,105
107,106.64
108,109
109,112.56
110,109.99
111,108.99
112,113.5
113,113.5
114,119
115,121.21
116,123.3
117,121.15
118,118.5
119,120.04
120,122.11
121,120.06
122,126.5
123,122.62
124,122.39
125,133.49
126,135.35
127,138.34
128,135.85
129,136.77
130,126.74
131,126.43
132,119.15
133,124.15
134,121.66
135,127.11
136,125.91
137,135.25
138,133.13
139,134.98
140,129.22
141,130.37
142,131.72
143,131.66
144,131.47
145,129.65
146,127.04
147,127.43
148,129.12
149,125.95
150,127.25
151,128.22
152,128.38
153,133.78
154,134.78
155,137.34
156,133
157,132.18
158,114.13
159,123.63
160,129.01
161,128.55
162,129
163,126.94
164,126
165,130.69
166,130.59
167,130.9
168,135.19
169,138.13
170,140.52
171,145.24
172,142.55
173,146.25
174,155.96
175,172.42
176,174.61
177,182.21
178,193.76
179,213.62
180,198.23
181,186.69
182,177.32
183,196.44
184,198.55
185,204.39
186,199.97
187,204
188,206.18
189,206.22
190,215.05
191,229.1
192,245.24
193,262.5
194,296.41
195,338.11
196,339.11
197,326.62
198,342.44
199,360.33
200,407.37
201,420.2
202,417.95
203,440.22
204,492.11
205,703.56
206,584.61
207,590.83
208,722.43
209,771.44
210,797.82
211,774.25
212,799.11
213,928.1
214,1001.96
215,1031.95
216,1131.97
217,1129.43
218,955.85
219,1043.33
220,1078.28
221,1151.17
222,1045.11
223,829.45
224,698.23
225,795.87
226,893.19
227,988.51
228,878.48
229,873.26
230,892.58
231,872.6
232,876.12
233,705.97
234,682.12
235,522.7
236,691.96
237,625.32
238,605.66
239,617.18
240,673.41
241,665.58
242,682.21
243,761.98
244,735.07
245,727.83
246,745.05
247,756.13
248,754.01
249,771.4
250,802.39
251,818.72
252,859.51
253,933.53
254,953.29
255,802
256,842.72
257,846.86
258,868.48
259,913.95
260,863.22
261,841.2
262,833.27
263,860.9
264,835.63
265,814.64
266,840
267,870.96
268,870.2
269,863.91
270,845.59
271,822.04
272,797.07
273,853.61
274,885.28
275,771.39
276,812.51
277,826
278,819.03
279,829.92
280,832.58
281,825.37
282,823.83
283,827.96
284,811.91
285,781.55
286,712.4
287,673.92
288,682.9
289,681.03
290,672.17
291,651.72
292,605.24
293,661.99
294,650.92
295,616.63
296,626.27
297,626.6
298,623.03
299,556.14
300,574.16
301,605.42
302,605.82
303,546.32
304,538.71
305,582.69
306,578.77
307,549.26
308,565.61
309,559.79
310,667.76
311,666.78
312,665.51
313,663.86
314,629.15
315,617.45
316,636.96
317,627.79
318,634.11
319,632.1
320,638.14
321,628.8
322,636.12
323,631.11
324,622.37
325,614.83
326,609.89
327,588.77
328,571.49
329,565.04
330,561.27
331,583.41
332,583.92
333,580.83
334,471.24
335,495.67
336,491.17
337,460.27
338,457
339,478.38
340,437.14
341,444.72
342,447.53
343,461.91
344,460.5
345,449.42
346,453.09
347,442.73
348,365.18
349,420.95
350,421.12
351,414.06
352,458.79
353,515.59
354,527.4
355,495.96
356,479.64
357,501.57
358,498.17
359,495.77
360,487.92
361,491.3
362,500.46
363,461.45
364,458.6
365,436.39
366,440.29
367,447.21
368,447.64
369,457.76
370,449.38
371,437.76
372,436.4
373,433.48
374,428.96
375,438.82
376,440.17
377,449.46
378,454.43
379,438.89
380,441.46
381,440.67
382,443.97
383,447.25
384,448.06
385,448.9
386,446.26
387,446.18
388,485.72
389,491.77
390,524.58
391,520.22
392,525.14
393,571.59
394,583.42
395,571.24
396,577.06
397,568.18
398,615.33
399,623.68
400,630.23
401,660.62
402,667.6
403,641.61
404,659.26
405,653.7
406,654.97
407,656.14
408,649.16
409,653.15
410,633.02
411,586.95
412,600.16
413,577.36
414,592.94
415,592.19
416,610.86
417,607.96
418,598.07
419,594.15
420,594.99
421,602.27
422,593.98
423,582.36
424,566.34
425,581.14
426,597.26
427,596.55
428,602.72
429,639.8
430,640.81
431,650.88
432,645.16
433,630.69
434,631.46
435,635.81
436,624.09
437,624.82
438,624.51
439,616.76
440,632
441,633.71
442,626.5
443,619.32
444,621.59
445,616.8
446,623.09
447,628.78
448,628.52
449,623.9
450,622.21
451,621.55
452,619.41
453,601.73
454,601.09
455,595.81
456,593.85
457,585.69
458,584.72
459,567.29
460,586.23
461,594.92
462,589.33
463,586.67
464,588.78
465,585.44
466,584.65
467,588.87
468,592.58
469,589.37
470,591.06
471,576.37
472,569.64
473,546.66
474,505.97
475,497.01
476,519.71
477,491.8
478,461.46
479,485.24
480,511.98
481,517.24
482,514.04
483,498.08
484,508.29
485,502.5
486,511.57
487,511.15
488,507.82
489,508.52
490,504.25
491,477.76
492,474.88
493,477.43
494,477.59
495,489.66
496,483.34
497,484.83
498,482.28
499,474.6
500,475.26
501,479.36
502,479.75
503,477.75
504,479
505,477.89
506,475.37
507,466.06
508,457.33
509,424.44
510,394.8
511,408.9
512,398.82
513,402.15
514,435.79
515,423.2
516,411.57
517,404.42
518,399.52
519,377.18
520,375.47
521,386.94
522,383.61
523,375.07
524,359.51
525,328.87
526,320.51
527,330.08
528,336.19
529,352.94
530,365.03
531,361.56
532,362.3
533,378.55
534,390.41
535,400.87
536,394.77
537,382.56
538,383.76
539,391.44
540,389.55
541,382.85
542,386.48
543,383.16
544,358.42
545,358.35
546,347.27
547,354.7
548,352.99
549,357.62
550,335.59
551,345.3
552,338.32
553,325.75
554,325.89
555,327.55
556,330.49
557,339.49
558,349.29
559,342.42
560,345.49
561,363.26
562,366.92
563,367.7
564,423.56
565,420.73
566,397.82
567,376.13
568,387.88
569,387.41
570,375.2
571,380.55
572,357.84
573,350.85
574,352.92
575,367.57
576,376.9
577,375.35
578,368.37
579,369.67
580,376.45
581,375.49
582,378.05
583,379.24
584,381.32
585,375.01
586,369.6
587,376.85
588,374.79
589,375.1
590,361.91
591,352.22
592,346.36
593,350.51
594,352.54
595,347.38
596,351.63
597,345.35
598,327.06
599,319.78
600,311.4
601,317.84
602,329.96
603,320.84
604,331.89
605,334.57
606,322.53
607,319.01
608,327.92
609,315.86
610,317.24
611,312.67
612,310.74
613,320.19
614,314.25
615,315.03
616,281.08
617,264.2
618,274.47
619,286.19
620,294.34
621,283.35
622,290.41
623,274.8
624,265.66
625,267.8
626,225.86
627,178.1
628,209.84
629,208.1
630,199.26
631,210.34
632,214.86
633,211.32
634,226.9
635,233.41
636,232.88
637,247.85
638,253.72
639,273.47
640,263.48
641,233.91
642,233.51
643,226.43
644,217.46
645,226.97
646,238.23
647,227.27
648,226.85
649,217.11
650,222.27
651,227.75
652,223.41
653,220.11
654,219.84
655,219.18
656,221.76
657,235.43
658,257.32
659,234.82
660,233.84
661,243.61
662,236.33
663,240.28
664,243.78
665,244.53
666,235.98
667,238.89
668,238.74
669,237.47
670,236.43
671,253.83
672,254.26
673,260.2
674,275.67
675,281.7
676,273.09
677,276.18
678,272.72
679,276.26
680,274.35
681,289.61
682,291.76
683,296.38
684,294.35
685,285.34
686,281.89
687,286.39
688,290.59
689,285.51
690,256.3
691,260.93
692,261.75
693,260.02
694,267.96
695,266.74
696,245.6
697,246.2
698,248.53
699,247.03
700,252.8
701,242.71
702,247.53
703,244.22
704,247.27
705,253.01
706,254.32
707,253.7
708,260.6
709,255.49
710,253.18
711,245.02
712,243.68
713,236.07
714,236.55
715,236.15
716,224.59
717,219.16
718,223.83
719,228.57
720,222.88
721,223.36
722,222.6
723,224.63
724,235.27
725,234.18
726,236.46
727,231.27
728,226.39
729,219.43
730,229.29
731,225.85
732,225.81
733,236.15
734,232.08
735,234.93
736,240.36
737,239.02
738,236.12
739,229.78
740,237.33
741,243.86
742,241.83
743,240.3
744,242.16
745,241.11
746,236.38
747,236.93
748,237.6
749,236.15
750,236.8
751,233.13
752,231.95
753,234.02
754,235.34
755,240.35
756,238.87
757,240.95
758,237.11
759,237.12
760,237.28
761,237.41
762,237.1
763,233.35
764,230.19
765,222.93
766,225.8
767,225.87
768,224.32
769,224.95
770,225.62
771,222.88
772,228.49
773,229.05
774,228.8
775,229.71
776,229.98
777,232.4
778,233.54
779,236.82
780,250.9
781,249.28
782,249.01
783,244.61
784,245.21
785,243.94
786,246.99
787,244.3
788,240.51
789,242.8
790,243.59
791,250.99
792,249.01
793,257.06
794,263.07
795,258.62
796,255.41
797,256.34
798,260.89
799,271.91
800,269.03
801,266.21
802,270.79
803,269.23
804,284.89
805,293.11
806,310.87
807,292.05
808,287.46
809,285.83
810,278.09
811,279.47
812,274.9
813,273.61
814,278.98
815,275.83
816,277.22
817,276.05
818,288.28
819,288.7
820,292.69
821,293.62
822,294.43
823,289.59
824,287.72
825,284.65
826,281.6
827,282.61
828,281.23
829,285.22
830,281.88
831,278.58
832,279.58
833,261
834,265.08
835,264.47
836,270.39
837,266.38
838,264.08
839,265.68
840,261.55
841,258.51
842,257.98
843,211.08
844,226.68
845,235.35
846,232.57
847,230.39
848,228.17
849,210.49
850,221.61
851,225.83
852,224.77
853,231.4
854,229.78
855,228.76
856,230.06
857,228.12
858,229.28
859,227.18
860,230.3
861,235.02
862,239.84
863,239.85
864,243.61
865,238.17
866,238.48
867,240.11
868,235.23
869,230.51
870,230.64
871,230.3
872,229.09
873,229.81
874,232.98
875,231.49
876,231.21
877,227.09
878,230.62
879,230.28
880,234.53
881,235.14
882,234.34
883,232.76
884,239.14
885,236.69
886,236.06
887,237.55
888,237.29
889,238.73
890,238.26
891,240.38
892,246.06
893,242.97
894,242.3
895,243.93
896,244.94
897,247.05
898,245.31
899,249.51
900,251.99
901,254.32
902,262.87
903,270.64
904,261.64
905,263.44
906,269.46
907,266.27
908,274.02
909,276.5
910,281.65
911,283.68
912,285.3
913,293.79
914,304.62
915,313.86
916,328.02
917,314.17
918,325.43
919,361.19
920,403.42
921,411.56
922,386.35
923,374.47
924,386.48
925,373.37
926,380.26
927,336.82
928,311.08
929,338.15
930,336.75
931,332.91
932,320.17
933,330.75
934,335.09
935,334.59
936,326.15
937,322.02
938,326.93
939,324.54
940,323.05
941,320.05
942,328.21
943,352.68
944,358.04
945,357.38
946,371.29
947,377.32
948,362.49
949,359.19
950,361.05
951,363.18
952,388.95
953,388.78
954,395.54
955,415.56
956,417.56
957,415.48
958,451.94
959,435
960,433.76
961,444.18
962,465.32
963,454.93
964,456.08
965,463.62
966,462.32
967,442.68
968,438.64
969,436.57
970,442.4
971,454.98
972,455.65
973,417.27
974,422.82
975,422.28
976,432.98
977,426.62
978,430.57
979,434.33
980,433.44
981,430.01
982,433.09
983,431.96
984,429.11
985,458.05
986,453.23
987,447.61
988,447.99
989,448.43
990,435.69
991,432.37
992,430.31
993,364.33
994,387.54
995,382.3
996,387.17
997,380.15
998,420.23
999,410.26
1000,382.49
1001,387.49
1002,402.97
1003,391.73
1004,392.15
1005,394.97
1006,380.29
1007,379.47
1008,378.26
1009,368.77
1010,373.06
1011,374.45
1012,369.95
1013,389.59
1014,386.55
1015,376.52
1016,376.62
1017,373.45
1018,376.03
1019,381.65
1020,379.65
1021,384.26
1022,391.86
1023,407.23
1024,400.18
1025,407.49
1026,416.32
1027,422.37
1028,420.79
1029,437.16
1030,438.8
1031,437.75
1032,420.74
1033,424.95
1034,424.54
1035,432.15
1036,432.52
1037,433.5
1038,437.7
1039,435.12
1040,423.99
1041,421.65
1042,410.94
1043,400.57
1044,407.71
1045,414.32
1046,413.97
1047,414.86
1048,417.13
1049,421.69
1050,411.62
1051,414.07
1052,416.44
1053,416.83
1054,417.01
1055,420.62
1056,409.55
1057,410.44
1058,413.76
1059,413.31
1060,418.09
1061,418.04
1062,416.39
1063,417.18
1064,417.95
1065,426.77
1066,424.23
1067,416.52
1068,414.82
1069,416.73
1070,417.96
1071,420.87
1072,420.9
1073,421.44
1074,424.03
1075,423.41
1076,422.74
1077,420.35
1078,419.41
1079,421.56
1080,422.48
1081,425.19
1082,423.73
1083,424.28
1084,429.71
1085,430.57
1086,427.4
1087,428.59
1088,435.51
1089,441.39
1090,449.42
1091,445.74
1092,450.28
1093,458.55
1094,461.43
1095,466.09
1096,444.69
1097,449.01
1098,455.1
1099,448.32
1100,451.88
1101,444.67
1102,450.3
1103,446.72
1104,447.98
1105,459.6
1106,458.54
1107,458.55
1108,460.48
1109,450.89
1110,452.73
1111,454.77
1112,455.67
1113,455.67
1114,457.57
1115,454.16
1116,453.78
1117,454.62
1118,438.71
1119,442.68
1120,443.19
1121,439.32
1122,444.15
1123,445.98
1124,449.6
1125,453.38
1126,473.46
1127,530.04
1128,526.23
1129,533.86
1130,531.39
1131,536.92
1132,537.97
1133,569.19
1134,572.73
1135,574.98
1136,585.54
1137,576.6
1138,581.65
1139,574.63
1140,577.47
1141,606.73
1142,672.78
1143,704.38
1144,685.56
1145,694.47
1146,766.31
1147,748.91
1148,756.23
1149,763.78
1150,737.23
1151,666.65
1152,596.12
1153,623.98
1154,665.3
1155,665.12
1156,629.37
1157,655.28
1158,647
1159,639.89
1160,673.34
1161,676.3
1162,703.7
1163,658.66
1164,683.66
1165,670.63
1166,677.33
1167,640.56
1168,666.52
1169,650.96
1170,649.36
1171,647.66
1172,664.55
1173,654.47
1174,658.08
1175,663.26
1176,660.77
1177,679.46
1178,673.11
1179,672.86
1180,665.68
1181,665.01
1182,650.62
1183,655.56
1184,661.28
1185,654.1
1186,651.78
1187,654.35
1188,655.03
1189,656.99
1190,655.05
1191,624.68
1192,606.27
1193,547.47
1194,566.35
1195,578.29
1196,575.04
1197,587.78
1198,592.69
1199,591.05
1200,587.8
1201,592.1
1202,589.12
1203,587.56
1204,585.59
1205,570.47
1206,567.24
1207,577.44
1208,573.22
1209,574.32
1210,575.63
1211,581.7
1212,581.31
1213,586.75
1214,583.41
1215,580.18
1216,577.76
1217,579.65
1218,569.95
1219,573.91
1220,574.11
1221,577.5
1222,575.47
1223,572.3
1224,575.54
1225,598.21
1226,608.63
1227,606.59
1228,610.44
1229,614.54
1230,626.32
1231,622.86
1232,623.51
1233,606.72
1234,608.24
1235,609.24
1236,610.68
1237,607.16
1238,606.97
1239,605.98
1240,609.87
1241,609.23
1242,608.31
1243,597.15
1244,596.3
1245,602.84
1246,602.63
1247,600.83
1248,608.04
1249,606.17
1250,604.73
1251,605.69
1252,609.73
1253,613.98
1254,610.89
1255,612.13
1256,610.2
1257,612.51
1258,613.02
1259,617.12
1260,619.11
1261,616.75
1262,618.99
1263,641.07
1264,636.19
1265,636.79
1266,640.38
1267,638.65
1268,641.63
1269,639.19
1270,637.96
1271,630.52
1272,630.86
1273,632.83
1274,657.29
1275,657.07
1276,653.76
1277,657.59
1278,678.3
1279,688.31
1280,689.65
1281,714.48
1282,701.86
1283,700.97
1284,729.79
1285,740.83
1286,688.7
1287,703.23
1288,703.42
1289,711.52
1290,703.13
1291,709.85
1292,723.27
1293,715.53
1294,716.41
1295,705.05
1296,702.03
1297,705.02
1298,711.62
1299,744.2
1300,740.98
1301,751.59
1302,751.62
1303,731.03
1304,739.25
1305,751.35
1306,744.59
1307,740.29
1308,741.65
1309,735.38
1310,732.03
1311,735.81
1312,735.6
1313,745.69
1314,756.77
1315,777.94
1316,771.16
1317,773.87
1318,758.7
1319,764.22
1320,768.13
1321,770.81
1322,772.79
1323,774.65
1324,769.73
1325,780.09
1326,780.56
1327,781.48
1328,778.09
1329,784.91
1330,790.83
1331,790.53
1332,792.71
1333,800.88
1334,834.28
1335,864.54
1336,921.98
1337,898.82
1338,896.18
1339,907.61
1340,933.2
1341,975.92
1342,973.5
1343,961.24
1344,963.74
1345,998.33
1346,1021.75
1347,1043.84
1348,1154.73
1349,1013.38
1350,902.2
1351,908.59
1352,911.2
1353,902.83
1354,907.68
1355,777.76
1356,804.83
1357,823.98
1358,818.41
1359,821.8
1360,831.53
1361,907.94
1362,886.62
1363,899.07
1364,895.03
1365,921.79
1366,924.67
1367,921.01
1368,892.69
1369,901.54
1370,917.59
1371,919.75
1372,921.59
1373,919.5
1374,920.38
1375,970.4
1376,989.02
1377,1011.8
1378,1029.91
1379,1042.9
1380,1027.34
1381,1038.15
1382,1061.35
1383,1063.07
1384,994.38
1385,988.67
1386,1004.45
1387,999.18
1388,990.64
1389,1004.55
1390,1007.48
1391,1027.44
1392,1046.21
1393,1054.42
1394,1047.87
1395,1079.98
1396,1115.3
1397,1117.44
1398,1166.72
1399,1173.68
1400,1143.84
1401,1165.2
1402,1179.97
1403,1179.97
1404,1222.5
1405,1251.01
1406,1274.99
1407,1255.15
1408,1267.12
1409,1272.83
1410,1223.54
1411,1150
1412,1188.49
1413,1116.72
1414,1175.83
1415,1221.38
1416,1231.92
1417,1240
1418,1249.61
1419,1187.81
1420,1100.23
1421,973.82
1422,1036.74
1423,1054.23
1424,1120.54
1425,1049.14
1426,1038.59
1427,937.52
1428,972.78
1429,966.72
1430,1045.77
1431,1047.15
1432,1039.97
1433,1026.43
1434,1071.79
1435,1080.5
1436,1102.17
1437,1143.81
1438,1133.25
1439,1124.78
1440,1182.68
1441,1176.9
1442,1175.95
1443,1187.87
1444,1187.13
1445,1205.01
1446,1200.37
1447,1169.28
1448,1167.54
1449,1172.52
1450,1182.94
1451,1193.91
1452,1211.67
1453,1210.29
1454,1229.08
1455,1222.05
1456,1231.71
1457,1207.21
1458,1250.15
1459,1265.49
1460,1281.08
1461,1317.73
1462,1316.48
1463,1321.79
1464,1347.89
1465,1421.6
1466,1452.82
1467,1490.09
1468,1537.67
1469,1555.45
1470,1578.8
1471,1596.71
1472,1723.35
1473,1755.36
1474,1787.13
1475,1848.57
1476,1724.24
1477,1804.91
1478,1808.91
1479,1738.43
1480,1734.45
1481,1839.09
1482,1888.65
1483,1987.71
1484,2084.73
1485,2041.2
1486,2173.4
1487,2320.42
1488,2443.64
1489,2304.98
1490,2202.42
1491,2038.87
1492,2155.8
1493,2255.61
1494,2175.47
1495,2286.41
1496,2407.88
1497,2488.55
1498,2515.35
1499,2511.81
1500,2686.81
1501,2863.2
1502,2732.16
1503,2805.62
1504,2823.81
1505,2947.71
1506,2958.11
1507,2659.63
1508,2717.02
1509,2506.37
1510,2464.58
1511,2518.56
1512,2655.88
1513,2548.29
1514,2589.6
1515,2721.79
1516,2689.1
1517,2705.41
1518,2744.91
1519,2608.72
1520,2589.41
1521,2478.45
1522,2552.45
1523,2574.79
1524,2539.32
1525,2480.84
1526,2434.55
1527,2506.47
1528,2564.06
1529,2601.64
1530,2601.99
1531,2608.56
1532,2518.66
1533,2571.34
1534,2518.44
1535,2372.56
1536,2337.79
1537,2398.84
1538,2357.9
1539,2233.34
1540,1998.86
1541,1929.82
1542,2228.41
1543,2318.88
1544,2273.43
1545,2817.6
1546,2667.76
1547,2810.12
1548,2730.4
1549,2754.86
1550,2576.48
1551,2529.45
1552,2671.78
1553,2809.01
1554,2726.45
1555,2757.18
1556,2875.34
1557,2718.26
1558,2710.67
1559,2804.73
1560,2895.89
1561,3252.91
1562,3213.94
1563,3378.94
1564,3419.94
1565,3342.47
1566,3381.28
1567,3650.62
1568,3884.71
1569,4073.26
1570,4325.13
1571,4181.93
1572,4376.63
1573,4331.69
1574,4160.62
1575,4193.7
1576,4087.66
1577,4001.74
1578,4100.52
1579,4151.52
1580,4334.68
1581,4371.6
1582,4352.4
1583,4382.88
1584,4382.66
1585,4579.02
1586,4565.3
1587,4703.39
1588,4892.01
1589,4578.77
1590,4582.96
1591,4236.31
1592,4376.53
1593,4597.12
1594,4599.88
1595,4228.75
1596,4226.06
1597,4122.94
1598,4161.27
1599,4130.81
1600,3882.59
1601,3154.95
1602,3637.52
1603,3625.04
1604,3582.88
1605,4065.2
1606,3924.97
1607,3905.95
1608,3631.04
1609,3630.7
1610,3792.4
1611,3682.84
1612,3926.07
1613,3892.35
1614,4200.67
1615,4174.73
1616,4163.07
1617,4338.71
1618,4403.74
1619,4409.32
1620,4317.48
1621,4229.36
1622,4328.41
1623,4370.81
1624,4426.89
1625,4610.48
1626,4772.02
1627,4781.99
1628,4826.48
1629,5446.91
1630,5647.21
1631,5831.79
1632,5678.19
1633,5725.59
1634,5605.51
1635,5590.69
1636,5708.52
1637,6011.45
1638,6031.6
1639,6008.42
1640,5930.32
1641,5526.64
1642,5750.8
1643,5904.83
1644,5780.9
1645,5753.09
1646,6153.85
1647,6130.53
1648,6468.4
1649,6767.31
1650,7078.5
1651,7207.76
1652,7379.95
1653,7407.41
1654,7022.76
1655,7144.38
1656,7459.69
1657,7143.58
1658,6618.14
1659,6357.6
1660,5950.07
1661,6559.49
1662,6635.75
1663,7315.54
1664,7871.69
1665,7708.99
1666,7790.15
1667,8036.49
1668,8200.64
1669,8071.26
1670,8253.55
1671,8038.77
1672,8253.69
1673,8790.92
1674,9330.55
1675,9818.35
1676,10058.8
1677,9888.61
1678,10233.6
1679,10975.6
1680,11074.6
1681,11323.2
1682,11657.2
1683,11916.7
1684,14291.5
1685,17899.7
1686,16569.4
1687,15178.2
1688,15455.4
1689,16936.8
1690,17415.4
1691,16408.2
1692,16564
1693,17706.9
1694,19497.4
1695,19140.8
1696,19114.2
1697,17776.7
1698,16624.6
1699,15802.9
1700,13831.8
1701,14699.2
1702,13925.8
1703,14026.6
1704,16099.8
1705,15838.5
1706,14606.5
1707,14656.2
1708,12952.2
1709,14156.4
1710,13657.2
1711,14982.1
1712,15201
1713,15599.2
1714,17429.5
1715,17527
1716,16477.6
1717,15170.1
1718,14595.4
1719,14973.3
1720,13405.8
1721,13980.6
1722,14360.2
1723,13772
1724,13819.8
1725,11490.5
1726,11188.6
1727,11474.9
1728,11607.4
1729,12899.2
1730,11600.1
1731,10931.4
1732,10868.4
1733,11359.4
1734,11259.4
1735,11171.4
1736,11440.7
1737,11786.3
1738,11296.4
1739,10106.3
1740,10221.1
1741,9170.54
1742,8830.75
1743,9174.91
1744,8277.01
1745,6955.27
1746,7754
1747,7621.3
1748,8265.59
1749,8736.98
1750,8621.9
1751,8129.97
1752,8926.57
1753,8598.31
1754,9494.63
1755,10166.4
1756,10233.9
1757,11112.7
1758,10551.8
1759,11225.3
1760,11403.7
1761,10690.4
1762,10005
1763,10301.1
1764,9813.07
1765,9664.73
1766,10366.7
1767,10725.6
1768,10397.9
1769,10951
1770,11086.4
1771,11489.7
1772,11512.6
1773,11573.3
1774,10779.9
1775,9965.57
1776,9395.01
1777,9337.55
1778,8866
1779,9578.63
1780,9205.12
1781,9194.85
1782,8269.81
1783,8300.86
1784,8338.35
1785,7916.88
1786,8223.68
1787,8630.65
1788,8913.47
1789,8929.28
1790,8728.47
1791,8879.62
1792,8668.12
1793,8495.78
1794,8209.4
1795,7833.04
1796,7954.48
1797,7165.7
1798,6890.52
1799,6973.53
1800,6844.23
1801,7083.8
1802,7456.11
1803,6853.84
1804,6811.47
1805,6636.32
1806,6911.09
1807,7023.52
1808,6770.73
1809,6834.76
1810,6968.32
1811,7889.25
1812,7895.96
1813,7986.24
1814,8329.11
1815,8058.67
1816,7902.09
1817,8163.42
1818,8294.31
1819,8845.83
1820,8895.58
1821,8802.46
1822,8930.88
1823,9697.5
1824,8845.74
1825,9281.51
1826,8987.05
1827,9348.48
1828,9419.08
1829,9240.55
1830,9119.01
1831,9235.92
1832,9743.86
1833,9700.76
1834,9858.15
1835,9654.8
1836,9373.01
1837,9234.82
1838,9325.18
1839,9043.94
1840,8441.49
1841,8504.89
1842,8723.94
1843,8716.79
1844,8510.38
1845,8368.83
1846,8094.32
1847,8250.97
1848,8247.18
1849,8513.25
1850,8418.99
1851,8041.78
1852,7557.82
1853,7587.34
1854,7480.14
1855,7355.88
1856,7368.22
1857,7135.99
1858,7472.59
1859,7406.52
1860,7494.17
1861,7541.45
1862,7643.45
1863,7720.25
1864,7514.47
1865,7633.76
1866,7653.98
1867,7678.24
1868,7624.92
1869,7531.98
1870,6786.02
1871,6906.92
1872,6582.36
1873,6349.9
1874,6675.35
1875,6456.58
1876,6550.16
1877,6499.27
1878,6734.82
1879,6769.94
1880,6776.55
1881,6729.74
1882,6083.69
1883,6162.48
1884,6173.23
1885,6249.18
1886,6093.67
1887,6157.13
1888,5903.44
1889,6218.3
1890,6404
1891,6385.82
1892,6614.18
1893,6529.59
1894,6597.55
1895,6639.14
1896,6673.5
1897,6856.93
1898,6773.88
1899,6741.75
1900,6329.95
1901,6394.71
1902,6228.81
1903,6238.05
1904,6276.12
1905,6359.64
1906,6741.75
1907,7321.04
1908,7370.78
1909,7466.86
1910,7354.13
1911,7419.29
1912,7418.49
1913,7711.11
1914,8424.27
1915,8181.39
1916,7951.58
1917,8165.01
1918,8192.15
1919,8218.46
1920,8180.48
1921,7780.44
1922,7624.91
1923,7567.15
1924,7434.39
1925,7032.85
1926,7068.48
1927,6951.8
1928,6753.12
1929,6305.8
1930,6568.23
1931,6184.71
1932,6295.73
1933,6322.69
1934,6297.57
1935,6199.71
1936,6308.52
1937,6334.73
1938,6580.63
1939,6423.76
1940,6506.07
1941,6308.53
1942,6488.76
1943,6376.71
1944,6534.88
1945,6719.96
1946,6763.19
1947,6707.26
1948,6884.64
1949,7096.28
1950,7047.16
1951,6978.23
1952,7037.58
1953,7193.25
1954,7272.72
1955,7260.06
1956,7361.66
1957,6792.83
1958,6529.17
1959,6467.07
1960,6225.98
1961,6300.86
1962,6329.7
1963,6321.2
1964,6351.8
1965,6517.31
1966,6512.71
1967,6543.2
1968,6517.18
1969,6281.2
1970,6371.3
1971,6398.54
1972,6519.67
1973,6734.95
1974,6721.98
1975,6710.63
1976,6595.41
1977,6446.47
1978,6495
1979,6676.75
1980,6644.13
1981,6601.96
1982,6625.56
1983,6589.62
1984,6556.1
1985,6502.59
1986,6576.69
1987,6622.48
1988,6588.31
1989,6602.95
1990,6652.23
1991,6642.64
1992,6585.53
1993,6256.24
1994,6274.58
1995,6285.99
1996,6290.93
1997,6596.54
1998,6596.11
1999,6544.43
2000,6476.71
2001,6465.41
2002,6489.19
2003,6482.35
2004,6487.16
2005,6475.74
2006,6495.84
2007,6476.29
2008,6474.75
2009,6480.38
2010,6486.39
2011,6332.63
2012,6334.27
2013,6317.61
2014,6377.78
2015,6388.44
2016,6361.26
2017,6376.13
2018,6419.66
2019,6461.01
2020,6530.14
2021,6453.72
2022,6385.62
2023,6409.22
2024,6411.27
2025,6371.27
2026,6359.49
2027,5738.35
2028,5648.03
2029,5575.55
2030,5554.33
2031,5623.54
2032,4871.49
2033,4451.87
2034,4602.17
2035,4365.94
2036,4347.11
2037,3880.76
2038,4009.97
2039,3779.13
2040,3820.72
2041,4257.42
2042,4278.85
2043,4017.27
2044,4214.67
2045,4139.88
2046,3894.13
2047,3956.89
2048,3753.99
2049,3521.1
2050,3419.94
2051,3476.11
2052,3614.23
2053,3502.66
2054,3424.59
2055,3486.95
2056,3313.68
2057,3242.48
2058,3236.76
2059,3252.84
2060,3545.86
2061,3696.06
2062,3745.95
2063,4134.44
2064,3896.54
2065,4014.18
2066,3998.98
2067,4078.6
2068,3815.49
2069,3857.3
2070,3654.83
2071,3923.92
2072,3820.41
2073,3865.95
2074,3742.7
2075,3843.52
2076,3943.41
2077,3836.74
2078,3857.72
2079,3845.19
2080,4076.63
2081,4025.25
2082,4030.85
2083,4035.3
2084,3678.92
2085,3687.37
2086,3661.3
